<?xml version="1.0" encoding="UTF-8"?>
<beans xmlns="http://www.springframework.org/schema/beans"
	xmlns:xsi="http://www.w3.org/2001/XMLSchema-instance" xmlns:p="http://www.springframework.org/schema/p"
	xsi:schemaLocation="http://www.springframework.org/schema/beans http://www.springframework.org/schema/beans/spring-beans-3.0.xsd"
	default-lazy-init="true" default-autowire="byName">



	<bean id="propertyConfigurer"
		class="org.springframework.beans.factory.config.PropertyPlaceholderConfigurer">
		<property name="locations">
			<list>
				<value>./jdbc.properties</value>
			</list>
		</property>
	</bean>

	<bean id="dataSource" class="nju.software.cpwsqwjs.dynamicds.DynamicDataSource">
		<property name="targetDataSources">
			<map key-type="java.lang.String">
				<entry key="test" value-ref="test" />
				<entry key="Default" value-ref="defaultDataSource" />
				<entry key="Yzjcjzk" value-ref="yzjcjzkDataSource" />
				<entry key="Tjgy" value-ref="tjgyDataSource" />
				<entry key="Tjyzy" value-ref="tjyzyDataSource" />
				<entry key="Tjezy" value-ref="tjezyDataSource" />
				<entry key="Tjhsfy" value-ref="tjhsfyDataSource" />
				<entry key="Tjhpfy" value-ref="tjhpfyDataSource" />
				<entry key="Tjnkfy" value-ref="tjnkfyDataSource" />
				<entry key="Tjhbfy" value-ref="tjhbfyDataSource" />
				<entry key="Tjhqfy" value-ref="tjhqfyDataSource" />
				<entry key="Tjxqfy" value-ref="tjxqfyDataSource" />
				<entry key="Tjbcfy" value-ref="tjbcfyDataSource" />
				<entry key="Tjhdfy" value-ref="tjhdfyDataSource" />
				<entry key="Tjhxfy" value-ref="tjhxfyDataSource" />
				<entry key="Tjtgfy" value-ref="tjtgfyDataSource" />
				<entry key="Tjhgfy" value-ref="tjhgfyDataSource" />
				<entry key="Tjdgfy" value-ref="tjdgfyDataSource" />
				<entry key="Tjdlfy" value-ref="tjdlfyDataSource" />
				<entry key="Tjjnfy" value-ref="tjjnfyDataSource" />
				<entry key="Tjnhfy" value-ref="tjnhfyDataSource" />
				<entry key="Tjwqfy" value-ref="tjwqfyDataSource" />
				<entry key="Tjjhfy" value-ref="tjjhfyDataSource" />
				<entry key="Tjbdfy" value-ref="tjbdfyDataSource" />
				<entry key="Tjjxfy" value-ref="tjjxfyDataSource" />
				<entry key="Tjkfqfy" value-ref="tjkfqfyDataSource" />
				<entry key="Tjbhxqfy" value-ref="tjbhxqfyDataSource" />
				<entry key="Tjtlfy" value-ref="tjtlfyDataSource" />
			</map>
		</property>
		<property name="defaultTargetDataSource" ref="defaultDataSource" />
	</bean>

	<bean id="sessionFactory"
		class="org.springframework.orm.hibernate3.annotation.AnnotationSessionFactoryBean">
		<property name="dataSource" ref="dataSource" />
		<property name="hibernateProperties">
			<value> hibernate.dialect=${hibernate.dialect}
				hibernate.query.substitutions=true
				hibernate.show_sql=true
				hibernate.hbm2ddl.auto=none
			</value>
		</property>
		<property name="annotatedClasses">
			<list>
				<value>
					nju.software.cpwsqwjs.data.dataobject.WsJbDO
				</value>
				<value>
					nju.software.cpwsqwjs.data.dataobject.AjjbDO
				</value>
				<value>
					nju.software.cpwsqwjs.data.dataobject.PubLaAy
				</value>
				<value>
					nju.software.cpwsqwjs.data.dataobject.SyRzbDO
				</value>
					<value>
					nju.software.cpwsqwjs.data.dataobject.SsRzbDO
				</value>
				<value>
					nju.software.cpwsqwjs.data.dataobject.DsrGrDO
				</value>
				<value>
					nju.software.cpwsqwjs.data.dataobject.DsrJbDO
				</value>
				<value>
					nju.software.cpwsqwjs.data.dataobject.PubLaAy
				</value>
				<value>
					nju.software.cpwsqwjs.data.dataobject.PubJaAy
				</value>
				<value>
					nju.software.cpwsqwjs.data.dataobject.PubQtsscyr
				</value>
				<value>
					nju.software.cpwsqwjs.data.dataobject.Dmb
				</value>
				<value>
					nju.software.cpwsqwjs.data.dataobject.DsrQtsscyrGxDO
				</value>
				<value>
					nju.software.cpwsqwjs.data.dataobject.PubJaPj
				</value>
				<!-- <value>
					nju.software.cpwsqwjs.data.dataobject.SjjxXxb
				</value> -->
			</list>
		</property>
	</bean>
	<bean id="sjjxXxbDAO" class="nju.software.cpwsqwjs.data.dao.SjjxXxbDAO">
		<property name="sessionFactory">
			<ref bean="sessionFactory" />
		</property>
	</bean>
	<bean id="wsJbDao" class="nju.software.cpwsqwjs.data.dao.WsJbDao">
		<property name="sessionFactory">
			<ref bean="sessionFactory" />
		</property>
	</bean>
	<bean id="ajjbDao" class="nju.software.cpwsqwjs.data.dao.AjjbDao">
		<property name="sessionFactory">
			<ref bean="sessionFactory" />
		</property>
	</bean>
	<bean id="pubAjJbDao" class="nju.software.javaapp.data.dao.implement.PubAjJbDaoImpl">
		<property name="sessionFactory">
			<ref bean="sessionFactory" />
		</property>
	</bean>
	<bean id="sqlDao" class="nju.software.cpwsqwjs.data.dao.SqlDao" >
		<property name="sessionFactory">
			<ref bean="sessionFactory" />
		</property>
	</bean>
	<bean id="syrzbDao" class="nju.software.cpwsqwjs.data.dao.impl.SyRzbDaoImpl">
		<property name="sessionFactory">
			<ref bean="sessionFactory" />
		</property>
	</bean>
	<bean id="ssrzbDao" class="nju.software.cpwsqwjs.data.dao.impl.SsRzbDaoImpl">
	
	</bean>
	<bean id="pubLaAyDao" class="nju.software.cpwsqwjs.data.dao.impl.PubLaAyDaoImpl">
	
	</bean>
	<bean id="pubJaAyDao" class="nju.software.cpwsqwjs.data.dao.impl.PubJaAyDaoImpl">
	
	</bean>
	<bean id="dsrJbDao" class="nju.software.cpwsqwjs.data.dao.impl.DsrJbDaoImpl">
	
	</bean>
	<bean id="pubQtsscyrDao" class="nju.software.cpwsqwjs.data.dao.impl.PubQtsscyrDaoImpl">
	
	</bean>
	<bean id="pubJaPjDao" class="nju.software.cpwsqwjs.data.dao.impl.PubJaPjDaoImpl">
	
	</bean>
	<bean id="dsrQtsscyrGxDao" class="nju.software.cpwsqwjs.data.dao.DsrQtsscyrGxDao">
	</bean>
	<bean id="dsrgrDao" class="nju.software.cpwsqwjs.data.dao.impl.DsrGrDaoImpl">
	
	<property name="sessionFactory">
			<ref bean="sessionFactory" />
		</property>
	</bean>
	<bean id="dmbDao" class="nju.software.cpwsqwjs.data.dao.impl.DmbDaoImpl" />
	<bean id="dsrJbService" class="nju.software.cpwsqwjs.service.impl.DsrServiceImpl" />
	<bean id="wsService" class="nju.software.cpwsqwjs.service.impl.WsServiceImpl"></bean>

	<bean id="responseBuilder" class="nju.software.cpwsqwjs.web.ResponseBuilder"></bean>

	<!-- <bean id="CreateIndexQtzJob" class="nju.software.cpwsqwjs.service.impl.WsServiceImpl"> 
		</bean> <bean id="CreateIndexQtzJobMethod" class="org.springframework.scheduling.quartz.MethodInvokingJobDetailFactoryBean"> 
		<property name="targetObject"> <ref bean="CreateIndexQtzJob"/> </property> 
		<property name="targetMethod"> 要执行的方法名称 <value>execute</value> </property> 
		</bean> <bean id="CreateIndexCronTriggerBean" class="org.springframework.scheduling.quartz.CronTriggerBean"> 
		<property name="jobDetail" ref="CreateIndexQtzJobMethod"></property> <property 
		name="cronExpression" value="0 30 16 ? * *"></property> </bean> <bean id="SpringJobSchedulerFactoryBean" 
		class="org.springframework.scheduling.quartz.SchedulerFactoryBean"> <property 
		name="triggers"> <list> <ref bean="CreateIndexCronTriggerBean"/> </list> 
		</property> </bean> -->

</beans>