<?xml version="1.0" encoding="UTF-8"?>
<beans xmlns="http://www.springframework.org/schema/beans"

       xmlns:xsi="http://www.w3.org/2001/XMLSchema-instance" xmlns:p="http://www.springframework.org/schema/p"
       xmlns:context="http://www.springframework.org/schema/context" xmlns:tx="http://www.springframework.org/schema/tx"
       xmlns:ehcache="http://ehcache-spring-annotations.googlecode.com/svn/schema/ehcache-spring"
       xmlns:task="http://www.springframework.org/schema/task"
       xsi:schemaLocation="http://www.springframework.org/schema/beans http://www.springframework.org/schema/beans/spring-beans-3.1.xsd
       http://www.springframework.org/schema/aop http://www.springframework.org/schema/aop/spring-aop-3.1.xsd
       http://www.springframework.org/schema/tx http://www.springframework.org/schema/tx/spring-tx-3.1.xsd
       http://www.springframework.org/schema/context http://www.springframework.org/schema/context/spring-context-3.1.xsd
      http://ehcache-spring-annotations.googlecode.com/svn/schema/ehcache-spring
     http://ehcache-spring-annotations.googlecode.com/svn/schema/ehcache-spring/ehcache-spring-1.1.xsd
     http://www.springframework.org/schema/task http://www.springframework.org/schema/task/spring-task-3.2.xsd"
       default-lazy-init="true" default-autowire="byName"
       xmlns:util="http://www.springframework.org/schema/util">

    <bean id="propertyConfigurer"
          class="org.springframework.beans.factory.config.PropertyPlaceholderConfigurer">
        <property name="locations">
            <list>
                <value>WEB-INF/jdbc.properties</value>
            </list>
        </property>
    </bean>
    <bean id="dataSource" class="org.apache.commons.dbcp.BasicDataSource" destroy-method="close">
        <property name="driverClassName" value="com.sybase.jdbc3.jdbc.SybDriver"/>
        <property name="url" value="${jdbc.url.jzrh}"/>
        <property name="username" value="${jdbc.username.jzrh}"/>
        <property name="password" value="${jdbc.password.jzrh}"/>
    </bean>

    <bean id="sessionFactory"
          class="org.springframework.orm.hibernate3.annotation.AnnotationSessionFactoryBean">
        <property name="dataSource" ref="dataSource"/>
        <property name="hibernateProperties">
            <value> hibernate.dialect=${hibernate.dialect}
                hibernate.query.substitutions=true
                hibernate.show_sql=false
                hibernate.hbm2ddl.auto=none
            </value>
        </property>
        <property name="packagesToScan">
            <list>
                <value>software.wspc.data.dataobject</value>
            </list>
        </property>
    </bean>
    <!-- 事务管理器 -->
    <bean id="transactionManager"
          class="org.springframework.orm.hibernate3.HibernateTransactionManager">
        <property name="sessionFactory" ref="sessionFactory"/>
    </bean>

    <!-- 加入spring提供的事务管理机制，线程绑定session -->
    <tx:annotation-driven transaction-manager="transactionManager" proxy-target-class="true"/>



</beans>