<?xml version="1.0" encoding="UTF-8"?>
<beans xmlns="http://www.springframework.org/schema/beans"
       xmlns:mvc="http://www.springframework.org/schema/mvc" xmlns:xsi="http://www.w3.org/2001/XMLSchema-instance"
       xmlns:context="http://www.springframework.org/schema/context"
       xsi:schemaLocation="http://www.springframework.org/schema/beans http://www.springframework.org/schema/beans/spring-beans-3.0.xsd
        http://www.springframework.org/schema/context http://www.springframework.org/schema/context/spring-context-3.0.xsd
        http://www.springframework.org/schema/mvc http://www.springframework.org/schema/mvc/spring-mvc.xsd"
       default-autowire="byName">
    <mvc:annotation-driven >
    </mvc:annotation-driven>
    <!--自动扫描-->
    <context:component-scan base-package="software.wspc.web.controller"/>
    <context:component-scan base-package="software.wspc.service"/>
    <context:component-scan base-package="software.wspc.data.dao"/>
    <!-- 定义本地化变更拦截器 -->
    <mvc:interceptors>
        <bean class="org.springframework.web.servlet.i18n.LocaleChangeInterceptor" />
    </mvc:interceptors>

    <!-- 用户验证拦截器 -->
    <mvc:interceptors>
        <bean class="software.wspc.web.filter.AccessInterceptor" />
    </mvc:interceptors>

    <!-- 定义注解URL映射处理器 ，所有的请求映射必须关联本地化拦截器 -->
    <bean id="urlMapping"
          class="org.springframework.web.servlet.mvc.annotation.AnnotationMethodHandlerAdapter">
    </bean>
    <bean id="viewResolver"
          class="org.springframework.web.servlet.view.UrlBasedViewResolver">
        <property name="viewClass">
            <value>org.springframework.web.servlet.view.JstlView</value>
        </property>
        <property name="prefix">
            <value>/WEB-INF/views/</value>
        </property>
        <property name="suffix">
            <value>.jsp</value>
        </property>
    </bean>

</beans>