<?xml version="1.0" encoding="UTF-8"?>
<beans xmlns="http://www.springframework.org/schema/beans"
	xmlns:xsi="http://www.w3.org/2001/XMLSchema-instance" xmlns:p="http://www.springframework.org/schema/p"
	xmlns:context="http://www.springframework.org/schema/context"
	xsi:schemaLocation="http://www.springframework.org/schema/beans
	   					   http://www.springframework.org/schema/beans/spring-beans.xsd
	   					   http://www.springframework.org/schema/tx
	   					   http://www.springframework.org/schema/tx/spring-tx.xsd
	   					   http://www.springframework.org/schema/context
	   					   http://www.springframework.org/schema/context/spring-context.xsd
	   					   http://www.springframework.org/schema/aop
	   					   http://www.springframework.org/schema/aop/spring-aop.xsd"
	default-lazy-init="true" default-autowire="byName">

	<context:component-scan base-package="nju.software.cpwsqwjs" />

	<bean id="propertyConfigurer"
		class="org.springframework.beans.factory.config.PropertyPlaceholderConfigurer">
		<property name="locations">
			<list>
				<value>./jdbc.properties</value>
			</list>
		</property>
	</bean>

	<!--<bean id="dataSource" class="nju.software.cpwsqwjs.dynamicds.DynamicDataSource">-->
		<!--<property name="targetDataSources">-->
			<!--<map key-type="java.lang.String">-->
				<!--<entry key="test" value-ref="test" />-->
				<!--<entry key="Default" value-ref="defaultDataSource" />-->
				<!--<entry key="Tjgy" value-ref="tjgyDataSource" />-->
				<!--<entry key="Tjyzy" value-ref="tjyzyDataSource" />-->
				<!--<entry key="Tjezy" value-ref="tjezyDataSource" />-->
				<!--<entry key="Tjhsfy" value-ref="tjhsfyDataSource" />-->
				<!--<entry key="Tjhpfy" value-ref="tjhpfyDataSource" />-->
				<!--<entry key="Tjnkfy" value-ref="tjnkfyDataSource" />-->
				<!--<entry key="Tjhbfy" value-ref="tjhbfyDataSource" />-->
				<!--<entry key="Tjhqfy" value-ref="tjhqfyDataSource" />-->
				<!--<entry key="Tjxqfy" value-ref="tjxqfyDataSource" />-->
				<!--<entry key="Tjbcfy" value-ref="tjbcfyDataSource" />-->
				<!--<entry key="Tjhdfy" value-ref="tjhdfyDataSource" />-->
				<!--<entry key="Tjhxfy" value-ref="tjhxfyDataSource" />-->
				<!--<entry key="Tjtgfy" value-ref="tjtgfyDataSource" />-->
				<!--<entry key="Tjhgfy" value-ref="tjhgfyDataSource" />-->
				<!--<entry key="Tjdgfy" value-ref="tjdgfyDataSource" />-->
				<!--<entry key="Tjdlfy" value-ref="tjdlfyDataSource" />-->
				<!--<entry key="Tjjnfy" value-ref="tjjnfyDataSource" />-->
				<!--<entry key="Tjnhfy" value-ref="tjnhfyDataSource" />-->
				<!--<entry key="Tjwqfy" value-ref="tjwqfyDataSource" />-->
				<!--<entry key="Tjjhfy" value-ref="tjjhfyDataSource" />-->
				<!--<entry key="Tjbdfy" value-ref="tjbdfyDataSource" />-->
				<!--<entry key="Tjjxfy" value-ref="tjjxfyDataSource" />-->
				<!--<entry key="Tjkfqfy" value-ref="tjkfqfyDataSource" />-->
				<!--<entry key="Tjbhxqfy" value-ref="tjbhxqfyDataSource" />-->
				<!--<entry key="Tjtlfy" value-ref="tjtlfyDataSource" />-->
			<!--</map>-->
		<!--</property>-->
		<!--<property name="defaultTargetDataSource" ref="defaultDataSource" />-->
	<!--</bean>-->

	<bean id="dataSource" class="org.apache.commons.dbcp.BasicDataSource" destroy-method="close">
		<property name="driverClassName" value="com.sybase.jdbc3.jdbc.SybDriver"/>
		<property name="url" value="${jdbc.url}"/>
		<property name="username" value="${jdbc.username}"/>
		<property name="password" value="${jdbc.password}"/>
		<property name="initialSize"  value="10"></property>
		<property name="maxIdle" value="10"/>
		<!--minIdle: 最小空闲连接-->
		<property name="minIdle" value="5"/>
		<!--maxActive: 最大连接数量-->
		<property name="maxActive" value="30"/>
		<!--removeAbandoned: 是否自动回收超时连接-->
		<property name="removeAbandoned" value="true"/>
		<!--removeAbandonedTimeout: 超时时间(以秒数为单位)-->
		<property name="removeAbandonedTimeout" value="5"/>
	</bean>

	<bean id="sessionFactory"
		class="org.springframework.orm.hibernate3.annotation.AnnotationSessionFactoryBean">
		<property name="dataSource" ref="dataSource" />
		<property name="hibernateProperties">
			<value> hibernate.dialect=${hibernate.dialect}
				hibernate.query.substitutions=true
				hibernate.show_sql=true
				hibernate.hbm2ddl.auto=none
			</value>
		</property>
		<property name="annotatedClasses">
			<list>
				<value>
					nju.software.cpwsqwjs.data.dataobject.PubLaAy
				</value>
				<value>
					nju.software.cpwsqwjs.data.dataobject.SyRzbDO
				</value>
					<value>
					nju.software.cpwsqwjs.data.dataobject.SsRzbDO
				</value>
				<value>
					nju.software.cpwsqwjs.data.dataobject.WsAjxxbDO
				</value>
				<value>nju.software.cpwsqwjs.data.dataobject.WsAjxxbDO</value>
				<value>nju.software.cpwsqwjs.data.dataobject.WsCpfxgcLxqjDO</value>
				<value>nju.software.cpwsqwjs.data.dataobject.WsDsrDO</value>
				<value>nju.software.cpwsqwjs.data.dataobject.WsSpzzcyDO</value>
				<value>nju.software.cpwsqwjs.data.dataobject.WsSsjlDO</value>
				<value>nju.software.cpwsqwjs.data.dataobject.WsssjlzkjlDO</value>
				<value>nju.software.cpwsqwjs.data.dataobject.WsXspjjgfjxDO</value>
				<value>nju.software.cpwsqwjs.data.dataobject.WsXspjjgfzDO</value>
				<value>nju.software.cpwsqwjs.data.dataobject.WsXspjjgpfDO</value>
				<value>nju.software.cpwsqwjs.data.dataobject.WsSsjlCtrDO</value>
				<value>nju.software.cpwsqwjs.data.dataobject.WsSsjlZkzmDO</value>
				<value>nju.software.cpwsqwjs.data.dataobject.WsCpfxgcFlftDO</value>
				<value>nju.software.cpwsqwjs.data.dataobject.WsCpfxgcDO</value>
				<value>nju.software.cpwsqwjs.data.dataobject.WsAjjbqkmsxzDO</value>
				<value>nju.software.cpwsqwjs.data.dataobject.WsAjjbqkxsysDO</value>
				<value>nju.software.cpwsqwjs.data.dataobject.WSAjjbqkxsesDO</value>
				<value>nju.software.cpwsqwjs.data.dataobject.WsAjjbqkQszjdDO</value>
				<value>nju.software.cpwsqwjs.data.dataobject.WsAjjbqkBssrbcdDO</value>
				<value>nju.software.cpwsqwjs.data.dataobject.WsAjjbqkBssldDO</value>
				<value>nju.software.cpwsqwjs.data.dataobject.WsAjjbqkBszjdDO</value>
				<value>nju.software.cpwsqwjs.data.dataobject.WsAjjbqkCmssdDO</value>
				<value>nju.software.cpwsqwjs.data.dataobject.WsAjjbqkZjdDO</value>
				<value>nju.software.cpwsqwjs.data.dataobject.WsAjjbqkBgrbcDO</value>
				<value>nju.software.cpwsqwjs.data.dataobject.WsAjjbqkBhrbhDO</value>
				<value>nju.software.cpwsqwjs.data.dataobject.WsAjjbqkQssldDO</value>
				<value>nju.software.cpwsqwjs.data.dataobject.WsDsrQzcsDO</value>
				<value>nju.software.cpwsqwjs.data.dataobject.WsDsrQkDO</value>
				<value>nju.software.cpwsqwjs.data.dataobject.FydmDO</value>
				<value>nju.software.cpwsqwjs.data.dataobject.AydmbDO</value>
				<value>nju.software.cpwsqwjs.data.dataobject.WssxbDo</value>
				<!-- 	审判 -->
				<value>nju.software.cpwsqwjs.data.dataobject.DmbDO</value>
				<value>nju.software.cpwsqwjs.data.dataobject.AjjbDO</value>
				<value>nju.software.cpwsqwjs.data.dataobject.WsJbDO</value>
				<value>nju.software.cpwsqwjs.data.dataobject.LaAyDO</value>
				<value>nju.software.cpwsqwjs.data.dataobject.DmbDO</value>
				<value>nju.software.cpwsqwjs.data.dataobject.XxxglDO</value>
				<value>nju.software.cpwsqwjs.data.dataobject.SpryDO</value>
				<value>nju.software.cpwsqwjs.data.dataobject.DsrGrDO</value>
				<value>nju.software.cpwsqwjs.data.dataobject.DsrJbDO</value>
				<value>nju.software.cpwsqwjs.data.dataobject.DsrDwDO</value>
				<value>nju.software.cpwsqwjs.data.dataobject.DsrMspcFjxxDO</value>
				<value>nju.software.cpwsqwjs.data.dataobject.DsrXpJgDO</value>
				<value>nju.software.cpwsqwjs.data.dataobject.WsfilterDO</value>
			</list>
		</property>
	</bean>
	<bean id="wsfilterDAO" class="nju.software.cpwsqwjs.data.dao.impl.WsfilterDAOImpl">
		<property name="sessionFactory">
			<ref bean="sessionFactory"></ref>
		</property>
	</bean>
	<bean id="wsJbDao" class="nju.software.cpwsqwjs.data.dao.WsJbDao">
		<property name="sessionFactory">
			<ref bean="sessionFactory" />
		</property>
	</bean>
	<bean id="ajjbDao" class="nju.software.cpwsqwjs.data.dao.AjjbDao">
		<property name="sessionFactory">
			<ref bean="sessionFactory" />
		</property>
	</bean>
	<bean id="pubAjJbDao" class="nju.software.javaapp.data.dao.implement.PubAjJbDaoImpl">
		<property name="sessionFactory">
			<ref bean="sessionFactory" />
		</property>
	</bean>
	<bean id="sqlDao" class="nju.software.cpwsqwjs.data.dao.SqlDao">
		<property name="sessionFactory">
			<ref bean="sessionFactory" />
		</property>
	</bean>
	<bean id="syrzbDao" class="nju.software.cpwsqwjs.data.dao.impl.SyRzbDaoImpl">
		<property name="sessionFactory">
			<ref bean="sessionFactory" />
		</property>
	</bean>
	<bean id="ssrzbDao" class="nju.software.cpwsqwjs.data.dao.impl.SsRzbDaoImpl"></bean>
	<bean id="pubLayyDao" class="nju.software.cpwsqwjs.data.dao.impl.PubLaAyDaoImpl"></bean>
	<bean id="wsajjbxxbDao" class="nju.software.cpwsqwjs.data.dao.impl.WsajjbxxbDaoImpl">
		<property name="sessionFactory">
			<ref bean="sessionFactory" />
		</property>
	</bean>
	<bean id="wsajjbqkmexzeDao" class="nju.software.cpwsqwjs.data.dao.impl.WsajjbqkmexzeDaoImpl">
		<property name="sessionFactory">
			<ref bean="sessionFactory" />
		</property>
	</bean>
	<bean id="wsAjjbqkMyXzyDao" class="nju.software.cpwsqwjs.data.dao.impl.WsAjjbqkMyXzyDaoImpl">
		<property name="sessionFactory">
			<ref bean="sessionFactory" />
		</property>
	</bean>
	<bean id="wsCpfxgcLxqjDao" class="nju.software.cpwsqwjs.data.dao.impl.WsCpfxgcLxqjDaoImpl">
		<property name="sessionFactory">
			<ref bean="sessionFactory" />
		</property>
	</bean>
	<bean id="wsDsrDao" class="nju.software.cpwsqwjs.data.dao.impl.WsDsrDaoImpl">
		<property name="sessionFactory">
			<ref bean="sessionFactory" />
		</property>
	</bean>
	<bean id="wsSpzzcyDao" class="nju.software.cpwsqwjs.data.dao.impl.WsSpzzcyDaoImpl">
		<property name="sessionFactory">
			<ref bean="sessionFactory" />
		</property>
	</bean>
	
	<bean id="wsSsjlDao" class="nju.software.cpwsqwjs.data.dao.impl.WsSsjlDaoImpl">
		<property name="sessionFactory">
			<ref bean="sessionFactory" />
		</property>
	</bean>
	<bean id="wsssjlzkjlDao" class="nju.software.cpwsqwjs.data.dao.impl.WsSsjlzkjlDaoImpl">
		<property name="sessionFactory">
			<ref bean="sessionFactory" />
		</property>
	</bean>
	<bean id="wsXspjjgfjxDao" class="nju.software.cpwsqwjs.data.dao.impl.WsXspjjgfjxDaoImpl">
		<property name="sessionFactory">
			<ref bean="sessionFactory" />
		</property>
	</bean>
	<bean id="wsXspjjgfzDao" class="nju.software.cpwsqwjs.data.dao.impl.WsXspjjgfzDaoImpl">
		<property name="sessionFactory">
			<ref bean="sessionFactory" />
		</property>
	</bean>
	<bean id="wsXspjjgpfDao" class="nju.software.cpwsqwjs.data.dao.impl.WsXspjjgpfDaoImpl">
		<property name="sessionFactory">
			<ref bean="sessionFactory" />
		</property>
	</bean>
	<bean id="wsSsjlCtrDao" class="nju.software.cpwsqwjs.data.dao.impl.WsSsjlCtrDaoImpl">
		<property name="sessionFactory">
			<ref bean="sessionFactory" />
		</property>
	</bean>
	<bean id="wsSsjlZkzmDao" class="nju.software.cpwsqwjs.data.dao.impl.WsSsjlZkzmDaoImpl">
		<property name="sessionFactory">
			<ref bean="sessionFactory" />
		</property>
	</bean>
	<bean id="wsCpfxgcFlftDao" class="nju.software.cpwsqwjs.data.dao.impl.WsCpfxgcFlftDaoImpl">
		<property name="sessionFactory">
			<ref bean="sessionFactory" />
		</property>
	</bean>
	<bean id="wsCpfxgcDao" class="nju.software.cpwsqwjs.data.dao.impl.WsCpfxgcDaoImpl">
		<property name="sessionFactory">
			<ref bean="sessionFactory" />
		</property>
	</bean>
	<bean id="wsAjjbqkmsxzDao" class="nju.software.cpwsqwjs.data.dao.impl.WsAjjbqkmsxzDaoImpl">
		<property name="sessionFactory">
			<ref bean="sessionFactory" />
		</property>
	</bean>
	<bean id="wsAjjbqkxsysDao" class="nju.software.cpwsqwjs.data.dao.impl.WsAjjbqkxsysDaoImpl">
		<property name="sessionFactory">
			<ref bean="sessionFactory" />
		</property>
	</bean>
	<bean id="wsAjjbqkxsesDao" class="nju.software.cpwsqwjs.data.dao.impl.WSAjjbqkxsesDaoImpl">
		<property name="sessionFactory">
			<ref bean="sessionFactory" />
		</property>
	</bean>
	<bean id="wsAjjbqkQszjdDao" class="nju.software.cpwsqwjs.data.dao.impl.WsAjjbqkQszjdDaoImpl">
		<property name="sessionFactory">
			<ref bean="sessionFactory" />
		</property>
	</bean>
	<bean id="wsAjjbqkQssldDao" class="nju.software.cpwsqwjs.data.dao.impl.WsAjjbqkQssldDaoImpl">
		<property name="sessionFactory">
			<ref bean="sessionFactory" />
		</property>
	</bean>
	<bean id="wsAjjbqkBssrbcdDao" class="nju.software.cpwsqwjs.data.dao.impl.WsAjjbqkBssrbcdDaoImpl">
		<property name="sessionFactory">
			<ref bean="sessionFactory" />
		</property>
	</bean>
	<bean id="wsAjjbqkBssldDao" class="nju.software.cpwsqwjs.data.dao.impl.WsAjjbqkBssldDaoImpl">
		<property name="sessionFactory">
			<ref bean="sessionFactory" />
		</property>
	</bean>
	
	<bean id="wsAjjbqkBszjdDao" class="nju.software.cpwsqwjs.data.dao.impl.WsAjjbqkBszjdDaoImpl">
		<property name="sessionFactory">
			<ref bean="sessionFactory" />
		</property>
	</bean>
	
	<bean id="wsAjjbqkCmssdDao" class="nju.software.cpwsqwjs.data.dao.impl.WsAjjbqkCmssdDaoImpl">
		<property name="sessionFactory">
			<ref bean="sessionFactory" />
		</property>
	</bean>
	<bean id="wsAjjbqkZjdDao" class="nju.software.cpwsqwjs.data.dao.impl.WsAjjbqkZjdDaoImpl">
		<property name="sessionFactory">
			<ref bean="sessionFactory" />
		</property>
	</bean>
	
	<bean id="wsAjjbqkBgrbcDao" class="nju.software.cpwsqwjs.data.dao.impl.WsAjjbqkBgrbcDaoImpl">
		<property name="sessionFactory">
			<ref bean="sessionFactory" />
		</property>
	</bean>
	<bean id="wsAjjbqkBhrbhDao" class="nju.software.cpwsqwjs.data.dao.impl.WsAjjbqkBhrbhDaoImpl">
		<property name="sessionFactory">
			<ref bean="sessionFactory" />
		</property>
	</bean>
	<bean id="wsDsrQzcsDao" class="nju.software.cpwsqwjs.data.dao.impl.WsDsrQzcsDaoImpl">
		<property name="sessionFactory">
			<ref bean="sessionFactory" />
		</property>
	</bean>
	<bean id="wsDsrQkDao" class="nju.software.cpwsqwjs.data.dao.impl.WsDsrQkDaoImpl">
		<property name="sessionFactory">
			<ref bean="sessionFactory" />
		</property>
	</bean>
    
    <bean id="fydmDao" class="nju.software.cpwsqwjs.data.dao.impl.FydmDaoImpl">
		<property name="sessionFactory">
			<ref bean="sessionFactory" />
		</property>
	</bean>
	
	<bean id="aydmDao" class="nju.software.cpwsqwjs.data.dao.impl.AydmDaoImpl">
		<property name="sessionFactory">
			<ref bean="sessionFactory" />
		</property>
	</bean>
	<bean id="wsxxbDao" class="nju.software.cpwsqwjs.data.dao.impl.WsxxbDaoImpl">
		<property name="sessionFactory">
			<ref bean="sessionFactory" />
		</property>
	</bean>
    <bean id="laAyDao" class="nju.software.cpwsqwjs.data.dao.LaAyDao">
		<property name="sessionFactory">
			<ref bean="sessionFactory" />
		</property>
	</bean>
	<bean id="dmbDao" class="nju.software.cpwsqwjs.data.dao.DmbDao">
		<property name="sessionFactory">
			<ref bean="sessionFactory" />
		</property>
	</bean>
	<bean id="xxxglDao" class="nju.software.cpwsqwjs.data.dao.XxxglDao">
		<property name="sessionFactory">
			<ref bean="sessionFactory" />
		</property>
	</bean>
	<bean id="spryDao" class="nju.software.cpwsqwjs.data.dao.SpryDao">
		<property name="sessionFactory">
			<ref bean="sessionFactory" />
		</property>
	</bean>
	<bean id="dsrGrDao" class="nju.software.cpwsqwjs.data.dao.DsrGrDao">
		<property name="sessionFactory">
			<ref bean="sessionFactory" />
		</property>
	</bean>
	<bean id="dsrJbDao" class="nju.software.cpwsqwjs.data.dao.DsrJbDao">
		<property name="sessionFactory">
			<ref bean="sessionFactory" />
		</property>
	</bean>
	<bean id="dsrDwDao" class="nju.software.cpwsqwjs.data.dao.DsrDwDao">
		<property name="sessionFactory">
			<ref bean="sessionFactory" />
		</property>
	</bean>
	<bean id="dsrMspcFjxxDao" class="nju.software.cpwsqwjs.data.dao.DsrMspcFjxxDao">
		<property name="sessionFactory">
			<ref bean="sessionFactory" />
		</property>
	</bean>
	<bean id="dsrXpJgDao" class="nju.software.cpwsqwjs.data.dao.DsrXpJgDao">
		<property name="sessionFactory">
			<ref bean="sessionFactory" />
		</property>
	</bean>
	<bean id="wsService" class="nju.software.cpwsqwjs.service.impl.WsServiceImpl"></bean>

	<bean id="responseBuilder" class="nju.software.cpwsqwjs.web.ResponseBuilder"></bean>

	<!-- <bean id="CreateIndexQtzJob" class="nju.software.cpwsqwjs.service.impl.WsServiceImpl"> 
		</bean> <bean id="CreateIndexQtzJobMethod" class="org.springframework.scheduling.quartz.MethodInvokingJobDetailFactoryBean"> 
		<property name="targetObject"> <ref bean="CreateIndexQtzJob"/> </property> 
		<property name="targetMethod"> 要执行的方法名称 <value>execute</value> </property> 
		</bean> <bean id="CreateIndexCronTriggerBean" class="org.springframework.scheduling.quartz.CronTriggerBean"> 
		<property name="jobDetail" ref="CreateIndexQtzJobMethod"></property> <property 
		name="cronExpression" value="0 30 16 ? * *"></property> </bean> <bean id="SpringJobSchedulerFactoryBean" 
		class="org.springframework.scheduling.quartz.SchedulerFactoryBean"> <property 
		name="triggers"> <list> <ref bean="CreateIndexCronTriggerBean"/> </list> 
		</property> </bean> -->

</beans>