<?xml version="1.0" encoding="UTF-8"?>
<beans xmlns="http://www.springframework.org/schema/beans"

       xmlns:xsi="http://www.w3.org/2001/XMLSchema-instance" xmlns:p="http://www.springframework.org/schema/p"
       xmlns:context="http://www.springframework.org/schema/context" xmlns:tx="http://www.springframework.org/schema/tx"
       xmlns:ehcache="http://ehcache-spring-annotations.googlecode.com/svn/schema/ehcache-spring"
       xmlns:task="http://www.springframework.org/schema/task"
       xsi:schemaLocation="http://www.springframework.org/schema/beans http://www.springframework.org/schema/beans/spring-beans-3.1.xsd
       http://www.springframework.org/schema/aop http://www.springframework.org/schema/aop/spring-aop-3.1.xsd   
       http://www.springframework.org/schema/tx http://www.springframework.org/schema/tx/spring-tx-3.1.xsd   
       http://www.springframework.org/schema/context http://www.springframework.org/schema/context/spring-context-3.1.xsd     
      http://ehcache-spring-annotations.googlecode.com/svn/schema/ehcache-spring
     http://ehcache-spring-annotations.googlecode.com/svn/schema/ehcache-spring/ehcache-spring-1.1.xsd
     http://www.springframework.org/schema/task http://www.springframework.org/schema/task/spring-task-3.2.xsd"
       default-lazy-init="true" default-autowire="byName"
       xmlns:util="http://www.springframework.org/schema/util">

	<bean id="propertyConfigurer"
		class="org.springframework.beans.factory.config.PropertyPlaceholderConfigurer">
		<property name="locations">
			<list>
				<value>WEB-INF/jdbc.properties</value>
			</list>
		</property>
	</bean>
  <!--  <bean id="dataSource" class="nju.software.cpwsqwjs.dynamicds.EncryptDataSource"
		destroy-method="close">
		<property name="driverClassName" value="${jdbc.driverClassName}" />
		<property name="url" value="${jdbc.url}" />
		<property name="username" value="${jdbc.username}" />
		<property name="password" value="${jdbc.password}" />
		<property name="poolPreparedStatements" value="true" />
		<property name="defaultAutoCommit" value="true" />
	</bean> -->
	  <bean id="dataSource" class="nju.software.cpwsqwjs.dynamicds.DynamicDataSource">
		<property name="targetDataSources">
			<map key-type="java.lang.String">
			<entry key="Default" value-ref="currentDataSource" />
            <entry key="Tjgyxfk" value-ref="xfkDataSource" />
            <entry key="Tjgyjzk" value-ref="jzkDataSource" />
            <entry key="Tjgyjzrhk" value-ref="jzrhkDataSource" />
            <entry key="Tjyzy" value-ref="tjyzyDataSource" />
            <entry key="Tjgy" value-ref="tjgyDataSource" />
            <entry key="Tjezy" value-ref="tjezyDataSource" />
            <entry key="Tjhpfy" value-ref="tjhpfyDataSource" />
            <entry key="Tjnkfy" value-ref="tjnkfyDataSource" />
            <entry key="Tjhbfy" value-ref="tjhbfyDataSource" />
            <entry key="Tjhqfy" value-ref="tjhqfyDataSource" />
            <entry key="Tjxqfy" value-ref="tjxqfyDataSource" />
            <entry key="Tjbcfy" value-ref="tjbcfyDataSource" />
            <entry key="Tjhdfy" value-ref="tjhdfyDataSource" />
            <entry key="Tjhxfy" value-ref="tjhxfyDataSource" />
            <entry key="Tjtgfy" value-ref="tjtgfyDataSource" />
            <entry key="Tjhgfy" value-ref="tjhgfyDataSource" />
            <entry key="Tjdgfy" value-ref="tjdgfyDataSource" />
            <entry key="Tjdlfy" value-ref="tjdlfyDataSource" />
            <entry key="Tjjnfy" value-ref="tjjnfyDataSource" />
            <entry key="Tjnhfy" value-ref="tjnhfyDataSource" />
            <entry key="Tjwqfy" value-ref="tjwqfyDataSource" />
            <entry key="Tjjhfy" value-ref="tjjhfyDataSource" />
            <entry key="Tjbdfy" value-ref="tjbdfyDataSource" />
            <entry key="Tjjxfy" value-ref="tjjxfyDataSource" />
            <entry key="Tjkfqfy" value-ref="tjkfqfyDataSource" />
            <entry key="Tjhsfy" value-ref="tjhsfyDataSource" />
            <entry key="Tjbhxqfy" value-ref="tjbhxqfyDataSource" />
            <entry key="Tjtlfy" value-ref="tjtlfyDataSource" />
            <entry key="Fyrs" value-ref="fyrsDataSource" />
            <entry key="Tjgysftj" value-ref="sftjDataSource" />
            <entry key="Yzjcjzk" value-ref="yzjcjzkDataSource" />
            <entry key="Psy" value-ref="psyDataSource" />
			</map>
		</property>
		  <property name="defaultTargetDataSource" ref="currentDataSource" />
	</bean> 

	<bean id="sessionFactory"
		class="org.springframework.orm.hibernate3.annotation.AnnotationSessionFactoryBean">
		<property name="dataSource" ref="dataSource" />
		<property name="hibernateProperties">
			<value> hibernate.dialect=${hibernate.dialect}
				hibernate.query.substitutions=true
				hibernate.show_sql=true
				hibernate.hbm2ddl.auto=none
			</value>
		</property>
		<property name="annotatedClasses">
			<list>
				<value>
					nju.software.cpwsqwjs.data.dataobject.WsJbDO
				</value>
				<value>
					nju.software.cpwsqwjs.data.dataobject.AjjbDO
				</value>
				<value>
					nju.software.cpwsqwjs.data.dataobject.PubLaAy
				</value>
				<value>
					nju.software.cpwsqwjs.data.dataobject.SyRzbDO
				</value>
					<value>
					nju.software.cpwsqwjs.data.dataobject.SsRzbDO
				</value>
				<!-- 	审判 -->
				<value>nju.software.cpwsqwjs.data.dataobject.DmbDO</value>
				<value>nju.software.cpwsqwjs.data.dataobject.AjjbDO</value>
				<value>nju.software.cpwsqwjs.data.dataobject.WsJbDO</value>
				<value>nju.software.cpwsqwjs.data.dataobject.LaAyDO</value>
				<value>nju.software.cpwsqwjs.data.dataobject.DmbDO</value>
				<value>nju.software.cpwsqwjs.data.dataobject.XxxglDO</value>
				<value>nju.software.cpwsqwjs.data.dataobject.SpryDO</value>
				<value>nju.software.cpwsqwjs.data.dataobject.DsrGrDO</value>
				<value>nju.software.cpwsqwjs.data.dataobject.DsrJbDO</value>
				<value>nju.software.cpwsqwjs.data.dataobject.DsrDwDO</value>
				<value>nju.software.cpwsqwjs.data.dataobject.DsrMspcFjxxDO</value>
				<value>nju.software.cpwsqwjs.data.dataobject.DsrXpJgDO</value>
			</list>
		</property>
	</bean>
	<bean id="wsJbDao" class="nju.software.cpwsqwjs.data.dao.WsJbDao">
		<property name="sessionFactory">
			<ref bean="sessionFactory" />
		</property>
	</bean>
	<bean id="ajjbDao" class="nju.software.cpwsqwjs.data.dao.AjjbDao">
		<property name="sessionFactory">
			<ref bean="sessionFactory" />
		</property>
	</bean>
	<bean id="sqlDao" class="nju.software.cpwsqwjs.data.dao.SqlDao">
		<property name="sessionFactory">
			<ref bean="sessionFactory" />
		</property>
	</bean>
	<bean id="syrzbDao" class="nju.software.cpwsqwjs.data.dao.impl.SyRzbDaoImpl">
		<property name="sessionFactory">
			<ref bean="sessionFactory" />
		</property>
	</bean>
	<bean id="ssrzbDao" class="nju.software.cpwsqwjs.data.dao.impl.SsRzbDaoImpl"></bean>
	<bean id="pubLayyDao" class="nju.software.cpwsqwjs.data.dao.impl.PubLaAyDaoImpl"></bean>
	<bean id="wsajjbxxbDao" class="nju.software.cpwsqwjs.data.dao.impl.WsajjbxxbDaoImpl">
		<property name="sessionFactory">
			<ref bean="sessionFactory" />
		</property>
	</bean>
	<!-- <bean id="wsajjbqkmexzeDao" class="nju.software.cpwsqwjs.data.dao.impl.WsajjbqkmexzeDaoImpl">
		<property name="sessionFactory">
			<ref bean="sessionFactory" />
		</property>
	</bean>
	<bean id="wsAjjbqkMyXzyDao" class="nju.software.cpwsqwjs.data.dao.impl.WsAjjbqkMyXzyDaoImpl">
		<property name="sessionFactory">
			<ref bean="sessionFactory" />
		</property>
	</bean> -->
	<bean id="wsCpfxgcLxqjDao" class="nju.software.cpwsqwjs.data.dao.impl.WsCpfxgcLxqjDaoImpl">
		<property name="sessionFactory">
			<ref bean="sessionFactory" />
		</property>
	</bean>
	<bean id="wsDsrDao" class="nju.software.cpwsqwjs.data.dao.impl.WsDsrDaoImpl">
		<property name="sessionFactory">
			<ref bean="sessionFactory" />
		</property>
	</bean>
	<bean id="wsSpzzcyDao" class="nju.software.cpwsqwjs.data.dao.impl.WsSpzzcyDaoImpl">
		<property name="sessionFactory">
			<ref bean="sessionFactory" />
		</property>
	</bean>
	
	<bean id="wsSsjlDao" class="nju.software.cpwsqwjs.data.dao.impl.WsSsjlDaoImpl">
		<property name="sessionFactory">
			<ref bean="sessionFactory" />
		</property>
	</bean>
	<!-- <bean id="wsssjlzkjlDao" class="nju.software.cpwsqwjs.data.dao.impl.WsSsjlzkjlDaoImpl">
		<property name="sessionFactory">
			<ref bean="sessionFactory" />
		</property>
	</bean> -->
	<bean id="wsXspjjgfjxDao" class="nju.software.cpwsqwjs.data.dao.impl.WsXspjjgfjxDaoImpl">
		<property name="sessionFactory">
			<ref bean="sessionFactory" />
		</property>
	</bean>
	<bean id="wsXspjjgfzDao" class="nju.software.cpwsqwjs.data.dao.impl.WsXspjjgfzDaoImpl">
		<property name="sessionFactory">
			<ref bean="sessionFactory" />
		</property>
	</bean>
	<bean id="wsXspjjgpfDao" class="nju.software.cpwsqwjs.data.dao.impl.WsXspjjgpfDaoImpl">
		<property name="sessionFactory">
			<ref bean="sessionFactory" />
		</property>
	</bean>
	<bean id="wsSsjlCtrDao" class="nju.software.cpwsqwjs.data.dao.impl.WsSsjlCtrDaoImpl">
		<property name="sessionFactory">
			<ref bean="sessionFactory" />
		</property>
	</bean>
	<bean id="wsSsjlZkzmDao" class="nju.software.cpwsqwjs.data.dao.impl.WsSsjlZkzmDaoImpl">
		<property name="sessionFactory">
			<ref bean="sessionFactory" />
		</property>
	</bean>
	<bean id="wsCpfxgcFlftDao" class="nju.software.cpwsqwjs.data.dao.impl.WsCpfxgcFlftDaoImpl">
		<property name="sessionFactory">
			<ref bean="sessionFactory" />
		</property>
	</bean>
	<bean id="wsCpfxgcDao" class="nju.software.cpwsqwjs.data.dao.impl.WsCpfxgcDaoImpl">
		<property name="sessionFactory">
			<ref bean="sessionFactory" />
		</property>
	</bean>
	<bean id="wsAjjbqkmsxzDao" class="nju.software.cpwsqwjs.data.dao.impl.WsAjjbqkmsxzDaoImpl">
		<property name="sessionFactory">
			<ref bean="sessionFactory" />
		</property>
	</bean>
	<bean id="wsAjjbqkxsysDao" class="nju.software.cpwsqwjs.data.dao.impl.WsAjjbqkxsysDaoImpl">
		<property name="sessionFactory">
			<ref bean="sessionFactory" />
		</property>
	</bean>
	<bean id="wsAjjbqkxsesDao" class="nju.software.cpwsqwjs.data.dao.impl.WSAjjbqkxsesDaoImpl">
		<property name="sessionFactory">
			<ref bean="sessionFactory" />
		</property>
	</bean>
	<bean id="wsAjjbqkQszjdDao" class="nju.software.cpwsqwjs.data.dao.impl.WsAjjbqkQszjdDaoImpl">
		<property name="sessionFactory">
			<ref bean="sessionFactory" />
		</property>
	</bean>
	<bean id="wsAjjbqkQssldDao" class="nju.software.cpwsqwjs.data.dao.impl.WsAjjbqkQssldDaoImpl">
		<property name="sessionFactory">
			<ref bean="sessionFactory" />
		</property>
	</bean>
	<bean id="wsAjjbqkBssrbcdDao" class="nju.software.cpwsqwjs.data.dao.impl.WsAjjbqkBssrbcdDaoImpl">
		<property name="sessionFactory">
			<ref bean="sessionFactory" />
		</property>
	</bean>
	<bean id="wsAjjbqkBssldDao" class="nju.software.cpwsqwjs.data.dao.impl.WsAjjbqkBssldDaoImpl">
		<property name="sessionFactory">
			<ref bean="sessionFactory" />
		</property>
	</bean>
	
	<bean id="wsAjjbqkBszjdDao" class="nju.software.cpwsqwjs.data.dao.impl.WsAjjbqkBszjdDaoImpl">
		<property name="sessionFactory">
			<ref bean="sessionFactory" />
		</property>
	</bean>
	
	<bean id="wsAjjbqkCmssdDao" class="nju.software.cpwsqwjs.data.dao.impl.WsAjjbqkCmssdDaoImpl">
		<property name="sessionFactory">
			<ref bean="sessionFactory" />
		</property>
	</bean>
	<bean id="wsAjjbqkZjdDao" class="nju.software.cpwsqwjs.data.dao.impl.WsAjjbqkZjdDaoImpl">
		<property name="sessionFactory">
			<ref bean="sessionFactory" />
		</property>
	</bean>
	
	<bean id="wsAjjbqkBgrbcDao" class="nju.software.cpwsqwjs.data.dao.impl.WsAjjbqkBgrbcDaoImpl">
		<property name="sessionFactory">
			<ref bean="sessionFactory" />
		</property>
	</bean>
	<bean id="wsAjjbqkBhrbhDao" class="nju.software.cpwsqwjs.data.dao.impl.WsAjjbqkBhrbhDaoImpl">
		<property name="sessionFactory">
			<ref bean="sessionFactory" />
		</property>
	</bean>
	<bean id="wsDsrQzcsDao" class="nju.software.cpwsqwjs.data.dao.impl.WsDsrQzcsDaoImpl">
		<property name="sessionFactory">
			<ref bean="sessionFactory" />
		</property>
	</bean>
	<bean id="wsDsrQkDao" class="nju.software.cpwsqwjs.data.dao.impl.WsDsrQkDaoImpl">
		<property name="sessionFactory">
			<ref bean="sessionFactory" />
		</property>
	</bean>
    
    <bean id="fydmDao" class="nju.software.cpwsqwjs.data.dao.impl.FydmDaoImpl">
		<property name="sessionFactory">
			<ref bean="sessionFactory" />
		</property>
	</bean>
	
	<bean id="aydmDao" class="nju.software.cpwsqwjs.data.dao.impl.AydmDaoImpl">
		<property name="sessionFactory">
			<ref bean="sessionFactory" />
		</property>
	</bean>
	<bean id="wsxxbDao" class="nju.software.cpwsqwjs.data.dao.impl.WsxxbDaoImpl">
		<property name="sessionFactory">
			<ref bean="sessionFactory" />
		</property>
	</bean>
    <bean id="laAyDao" class="nju.software.cpwsqwjs.data.dao.LaAyDao">
		<property name="sessionFactory">
			<ref bean="sessionFactory" />
		</property>
	</bean>
	<bean id="dmbDao" class="nju.software.cpwsqwjs.data.dao.DmbDao">
		<property name="sessionFactory">
			<ref bean="sessionFactory" />
		</property>
	</bean>
	<bean id="xxxglDao" class="nju.software.cpwsqwjs.data.dao.XxxglDao">
		<property name="sessionFactory">
			<ref bean="sessionFactory" />
		</property>
	</bean>
	<bean id="spryDao" class="nju.software.cpwsqwjs.data.dao.SpryDao">
		<property name="sessionFactory">
			<ref bean="sessionFactory" />
		</property>
	</bean>
	<bean id="dsrGrDao" class="nju.software.cpwsqwjs.data.dao.DsrGrDao">
		<property name="sessionFactory">
			<ref bean="sessionFactory" />
		</property>
	</bean>
	<bean id="dsrJbDao" class="nju.software.cpwsqwjs.data.dao.DsrJbDao">
		<property name="sessionFactory">
			<ref bean="sessionFactory" />
		</property>
	</bean>
	<bean id="dsrDwDao" class="nju.software.cpwsqwjs.data.dao.DsrDwDao">
		<property name="sessionFactory">
			<ref bean="sessionFactory" />
		</property>
	</bean>
	<bean id="dsrMspcFjxxDao" class="nju.software.cpwsqwjs.data.dao.DsrMspcFjxxDao">
		<property name="sessionFactory">
			<ref bean="sessionFactory" />
		</property>
	</bean>
	<bean id="dsrXpJgDao" class="nju.software.cpwsqwjs.data.dao.DsrXpJgDao">
		<property name="sessionFactory">
			<ref bean="sessionFactory" />
		</property>
	</bean>
	
	<bean id="wsService" class="nju.software.cpwsqwjs.service.impl.WsServiceImpl"></bean>
	<bean id="wsJbService" class="nju.software.cpwsqwjs.service.impl.sp.WsJbServiceImpl"></bean>
	<bean id="ajjbxxservice" class="nju.software.cpwsqwjs.service.impl.sp.AjjbxxServiceImpl"></bean>
	<bean id="dsrgrxxService" class="nju.software.cpwsqwjs.service.impl.sp.DsrgrxxServiceImpl"></bean>
	<bean id="dsrdwxxService" class="nju.software.cpwsqwjs.service.impl.sp.DsrdwxxServiceImpl"></bean>
	<bean id="dsrjgxxService" class="nju.software.cpwsqwjs.service.impl.sp.DsrjgxxServiceImpl"></bean>
	<bean id="xxxSerrvice" class="nju.software.cpwsqwjs.service.impl.sp.XxxServiceImpl"></bean>

</beans>